<?xml version="1.0" encoding="UTF-8"?>
<beans xmlns="http://www.springframework.org/schema/beans"
	xmlns:xsi="http://www.w3.org/2001/XMLSchema-instance"
	xsi:schemaLocation="http://www.springframework.org/schema/beans
  https://www.springframework.org/schema/beans/spring-beans.xsd">
<bean id="cartmap" class="java.util.HashMap">
<constructor-arg>
<map>
<entry key="11">
<bean id="m01" class="com.cognizant.truYum1.model.MenuItem" >
<property name="id" value="1"/>
<property name="name" value="pizza" />
<property name="price" value="200"/>
<property name="active" value="true"/>
<property name="dateOfLaunch" value="27/03/1999"/>
<property name="category" value="starter"/>
<property name="freeDelivery" value="true"/> 
</bean>
</entry>
<entry key="12">
<bean id="m02" class="com.cognizant.truYum1.model.MenuItem" >
<property name="id" value="2"/>
<property name="name" value="Burger" />
<property name="price" value="250.00"/>
<property name="active" value="true"/>
<property name="dateOfLaunch" value="17/04/1998"/>
<property name="category" value="starter"/>
<property name="freeDelivery" value="true"/> 
</bean>
</entry>
<entry key="13">
<bean id="m03" class="com.cognizant.truYum1.model.MenuItem" >
<property name="id" value="3"/>
<property name="name" value="FrenchFries" />
<property name="price" value="180.00"/>
<property name="active" value="true"/>
<property name="dateOfLaunch" value="31/10/1998"/>
<property name="category" value="starter"/>
<property name="freeDelivery" value="true"/> 
</bean>
</entry>
</map>
</constructor-arg>
</bean>
</beans>